mean_fit_time,std_fit_time,mean_score_time,std_score_time,param_svc__kernel,param_svc__gamma,param_svc__class_weight,param_svc__C,param_scaler,params,split0_test_score,split1_test_score,split2_test_score,mean_test_score,std_test_score,rank_test_score
0.16806753476460776,0.09825968763945514,0.023603518803914387,0.006372557587571272,rbf,0.001,balanced,3.0,RobustScaler(),"{'svc__kernel': 'rbf', 'svc__gamma': 0.001, 'svc__class_weight': 'balanced', 'svc__C': 3.0, 'scaler': RobustScaler()}",0.646067477635528,0.6289034778630862,0.630846325821858,0.6352724271068241,0.0076743512857517385,67
0.14589142799377441,0.09566552132993392,0.020252307256062824,0.007019163962256606,rbf,scale,balanced,3.0,StandardScaler(),"{'svc__kernel': 'rbf', 'svc__gamma': 'scale', 'svc__class_weight': 'balanced', 'svc__C': 3.0, 'scaler': StandardScaler()}",0.6653093175254597,0.6800279388278048,0.6969762949563973,0.6807711837698873,0.01293866749156255,15
0.1292877197265625,0.08495394838148518,0.021130482355753582,0.007665639420999488,rbf,0.003,"{0: 1.0, 1: 1.0, 2: 1.5}",10.0,RobustScaler(),"{'svc__kernel': 'rbf', 'svc__gamma': 0.003, 'svc__class_weight': {0: 1.0, 1: 1.0, 2: 1.5}, 'svc__C': 10.0, 'scaler': RobustScaler()}",0.634819975069342,0.6851070026319196,0.6699042905939457,0.6632770894317357,0.021057637279669004,43
0.1306323210398356,0.08525069757006987,0.020600239435831707,0.007845436537944733,rbf,0.001,"{0: 1.0, 1: 1.0, 2: 1.1}",30.0,RobustScaler(),"{'svc__kernel': 'rbf', 'svc__gamma': 0.001, 'svc__class_weight': {0: 1.0, 1: 1.0, 2: 1.1}, 'svc__C': 30.0, 'scaler': RobustScaler()}",0.6281218683764777,0.7044382977184799,0.6779273810837657,0.6701625157262411,0.03163615228809775,34
0.13355024655659994,0.08294213143314982,0.02264825503031413,0.008112657786903465,rbf,0.001,"{0: 1.0, 1: 1.0, 2: 1.2}",3.0,StandardScaler(),"{'svc__kernel': 'rbf', 'svc__gamma': 0.001, 'svc__class_weight': {0: 1.0, 1: 1.0, 2: 1.2}, 'svc__C': 3.0, 'scaler': StandardScaler()}",0.6072242381316649,0.6722446056047989,0.6552295986596516,0.6448994807987051,0.027531140524275764,62
0.1524031162261963,0.10481329967740298,0.025249640146891277,0.008724991178053651,rbf,0.001,"{0: 1.0, 1: 1.0, 2: 1.2}",10.0,RobustScaler(),"{'svc__kernel': 'rbf', 'svc__gamma': 0.001, 'svc__class_weight': {0: 1.0, 1: 1.0, 2: 1.2}, 'svc__C': 10.0, 'scaler': RobustScaler()}",0.6110480518967899,0.675630469252101,0.6526201371303331,0.6464328860930747,0.026726188335444056,61
0.1452366511027018,0.08633306700828307,0.025247971216837566,0.009263747183878953,rbf,0.003,"{0: 1.0, 1: 1.0, 2: 1.1}",1.0,StandardScaler(),"{'svc__kernel': 'rbf', 'svc__gamma': 0.003, 'svc__class_weight': {0: 1.0, 1: 1.0, 2: 1.1}, 'svc__C': 1.0, 'scaler': StandardScaler()}",0.6217050275336043,0.6770397659885531,0.6558842941278639,0.6515430292166737,0.02279792762133207,59
0.13600643475850424,0.0827701066467929,0.020871480305989582,0.007304098819412712,rbf,0.003,"{0: 1.0, 1: 1.0, 2: 1.2}",3.0,StandardScaler(),"{'svc__kernel': 'rbf', 'svc__gamma': 0.003, 'svc__class_weight': {0: 1.0, 1: 1.0, 2: 1.2}, 'svc__C': 3.0, 'scaler': StandardScaler()}",0.6367282544346602,0.6763251961341196,0.6668957722385142,0.659983074269098,0.016888230475686793,45
0.1553342342376709,0.09277869508788993,0.024038394292195637,0.00671885430141829,rbf,0.001,"{0: 1.0, 1: 1.0, 2: 1.5}",3.0,RobustScaler(),"{'svc__kernel': 'rbf', 'svc__gamma': 0.001, 'svc__class_weight': {0: 1.0, 1: 1.0, 2: 1.5}, 'svc__C': 3.0, 'scaler': RobustScaler()}",0.5847624798711756,0.6529586258551422,0.6308980831700098,0.6228730629654425,0.02841336884554413,69
0.15413697560628256,0.10319655528049726,0.020291884740193684,0.007659097361217362,rbf,0.01,"{0: 1.0, 1: 1.0, 2: 1.1}",30.0,StandardScaler(),"{'svc__kernel': 'rbf', 'svc__gamma': 0.01, 'svc__class_weight': {0: 1.0, 1: 1.0, 2: 1.1}, 'svc__C': 30.0, 'scaler': StandardScaler()}",0.6708145840544595,0.7163821336779469,0.7020367361317995,0.6964111512880686,0.019023420622971708,2
0.13857698440551758,0.08811832310317917,0.02087712287902832,0.006721897669519587,rbf,0.01,balanced,10.0,StandardScaler(),"{'svc__kernel': 'rbf', 'svc__gamma': 0.01, 'svc__class_weight': 'balanced', 'svc__C': 10.0, 'scaler': StandardScaler()}",0.6494439443944394,0.6729176234182606,0.689740873783427,0.6707008138653756,0.016525663133251937,33
0.3681127230326335,0.24494055164657083,0.019107580184936523,0.007225137443188966,rbf,scale,"{0: 1.0, 1: 1.0, 2: 1.5}",100.0,RobustScaler(),"{'svc__kernel': 'rbf', 'svc__gamma': 'scale', 'svc__class_weight': {0: 1.0, 1: 1.0, 2: 1.5}, 'svc__C': 100.0, 'scaler': RobustScaler()}",0.516121644461448,0.5470577959409398,0.5473197408050487,0.5368330604024788,0.014645573085173735,77
0.16176549593607584,0.09986261843024598,0.032729148864746094,0.015156277198293261,rbf,scale,"{0: 1.0, 1: 1.0, 2: 1.5}",1.0,RobustScaler(),"{'svc__kernel': 'rbf', 'svc__gamma': 'scale', 'svc__class_weight': {0: 1.0, 1: 1.0, 2: 1.5}, 'svc__C': 1.0, 'scaler': RobustScaler()}",0.6166362510448532,0.6714905511775177,0.6847646648786031,0.6576304890336581,0.0294895030459926,49
0.17080378532409668,0.11701839275200353,0.020834048589070637,0.005896309920195316,rbf,0.003,"{0: 1.0, 1: 1.0, 2: 1.1}",100.0,RobustScaler(),"{'svc__kernel': 'rbf', 'svc__gamma': 0.003, 'svc__class_weight': {0: 1.0, 1: 1.0, 2: 1.1}, 'svc__C': 100.0, 'scaler': RobustScaler()}",0.6595657118260054,0.7107915144189997,0.7246510208838975,0.6983360823763008,0.027992590737765465,1
0.18215600649515787,0.1206903880973357,0.02799232800801595,0.013983972088944894,rbf,0.03,balanced,30.0,StandardScaler(),"{'svc__kernel': 'rbf', 'svc__gamma': 0.03, 'svc__class_weight': 'balanced', 'svc__C': 30.0, 'scaler': StandardScaler()}",0.6435414254132014,0.6779556412729026,0.6784487874817109,0.6666486180559383,0.01634049289683418,39
0.21998985608418783,0.14568876655133142,0.019711891810099285,0.00758814224114383,rbf,scale,"{0: 1.0, 1: 1.0, 2: 1.2}",30.0,StandardScaler(),"{'svc__kernel': 'rbf', 'svc__gamma': 'scale', 'svc__class_weight': {0: 1.0, 1: 1.0, 2: 1.2}, 'svc__C': 30.0, 'scaler': StandardScaler()}",0.6314748679994228,0.6420668285770925,0.6926286202629833,0.6553901056131662,0.02668429796982002,54
0.1483919620513916,0.1014551916917209,0.025417804718017578,0.009100454185266045,rbf,0.03,"{0: 1.0, 1: 1.0, 2: 1.2}",1.0,RobustScaler(),"{'svc__kernel': 'rbf', 'svc__gamma': 0.03, 'svc__class_weight': {0: 1.0, 1: 1.0, 2: 1.2}, 'svc__C': 1.0, 'scaler': RobustScaler()}",0.6293828637742137,0.6742092724940444,0.6592445869545241,0.6542789077409275,0.01863411221780435,57
0.22073149681091309,0.15593856152618693,0.019757588704427082,0.007293512926249209,rbf,scale,"{0: 1.0, 1: 1.0, 2: 1.1}",30.0,RobustScaler(),"{'svc__kernel': 'rbf', 'svc__gamma': 'scale', 'svc__class_weight': {0: 1.0, 1: 1.0, 2: 1.1}, 'svc__C': 30.0, 'scaler': RobustScaler()}",0.5732727453091889,0.6019044486982653,0.6236380903047569,0.5996050947707371,0.020625748721661414,71
0.15283282597859701,0.113754832242407,0.025781869888305664,0.013615161936488103,rbf,0.0003,"{0: 1.0, 1: 1.0, 2: 1.5}",30.0,StandardScaler(),"{'svc__kernel': 'rbf', 'svc__gamma': 0.0003, 'svc__class_weight': {0: 1.0, 1: 1.0, 2: 1.5}, 'svc__C': 30.0, 'scaler': StandardScaler()}",0.6236599731631877,0.6790045495241382,0.6645703259178436,0.6557449495350566,0.02344029272238531,53
0.14162675539652506,0.08576008236913621,0.02110751469930013,0.0060210135204892615,rbf,0.001,"{0: 1.0, 1: 1.0, 2: 1.5}",100.0,RobustScaler(),"{'svc__kernel': 'rbf', 'svc__gamma': 0.001, 'svc__class_weight': {0: 1.0, 1: 1.0, 2: 1.5}, 'svc__C': 100.0, 'scaler': RobustScaler()}",0.6554905825080738,0.6928805146322595,0.6846119272348781,0.6776610081250705,0.016036171891822572,20
0.13837798436482748,0.0925966109515629,0.022600889205932617,0.006089934189928055,rbf,0.001,"{0: 1.0, 1: 1.0, 2: 1.5}",30.0,StandardScaler(),"{'svc__kernel': 'rbf', 'svc__gamma': 0.001, 'svc__class_weight': {0: 1.0, 1: 1.0, 2: 1.5}, 'svc__C': 30.0, 'scaler': StandardScaler()}",0.6536960762396129,0.6938266060844862,0.6758077185049925,0.6744434669430306,0.016411596370672448,23
0.15750336647033691,0.09776246782905265,0.022440115610758465,0.00669156884338482,rbf,scale,balanced,3.0,RobustScaler(),"{'svc__kernel': 'rbf', 'svc__gamma': 'scale', 'svc__class_weight': 'balanced', 'svc__C': 3.0, 'scaler': RobustScaler()}",0.6379112911291128,0.6770761207423762,0.7009903094808755,0.6719925737841215,0.026001570161730467,26
0.319901704788208,0.21322047094448635,0.024204095204671223,0.00895705268224859,rbf,scale,,100.0,RobustScaler(),"{'svc__kernel': 'rbf', 'svc__gamma': 'scale', 'svc__class_weight': None, 'svc__C': 100.0, 'scaler': RobustScaler()}",0.5072519990749021,0.5893530084072076,0.562823658688783,0.5531428887236309,0.034209471531380216,73
0.14551695187886557,0.09372045640419929,0.02423095703125,0.01002278563506209,rbf,0.003,"{0: 1.0, 1: 1.0, 2: 1.5}",1.0,StandardScaler(),"{'svc__kernel': 'rbf', 'svc__gamma': 0.003, 'svc__class_weight': {0: 1.0, 1: 1.0, 2: 1.5}, 'svc__C': 1.0, 'scaler': StandardScaler()}",0.6094115904951019,0.6628530113765049,0.662206487608992,0.6448236964935329,0.025041531325361317,63
0.1426677703857422,0.08910344759236521,0.020755211512247723,0.006516158665076474,rbf,0.003,balanced,30.0,RobustScaler(),"{'svc__kernel': 'rbf', 'svc__gamma': 0.003, 'svc__class_weight': 'balanced', 'svc__C': 30.0, 'scaler': RobustScaler()}",0.6492632582748862,0.6753380502411591,0.6855457742610763,0.6700490275923738,0.015277119318478824,35
0.13829549153645834,0.09634970418345683,0.020754178365071613,0.006667895972374907,rbf,0.01,,3.0,RobustScaler(),"{'svc__kernel': 'rbf', 'svc__gamma': 0.01, 'svc__class_weight': None, 'svc__C': 3.0, 'scaler': RobustScaler()}",0.6319054444054445,0.7094593305458994,0.6849796673665914,0.6754481474393118,0.03237065253141861,21
0.15218520164489746,0.09836154441039595,0.020311435063680012,0.006420918752379248,rbf,0.003,,100.0,StandardScaler(),"{'svc__kernel': 'rbf', 'svc__gamma': 0.003, 'svc__class_weight': None, 'svc__C': 100.0, 'scaler': StandardScaler()}",0.6716857937251354,0.7050826752825193,0.7105763215361985,0.6957815968479512,0.017185281171014966,3
0.1332075595855713,0.09061339898599702,0.021005551020304363,0.00727812249630786,rbf,0.0003,,100.0,RobustScaler(),"{'svc__kernel': 'rbf', 'svc__gamma': 0.0003, 'svc__class_weight': None, 'svc__C': 100.0, 'scaler': RobustScaler()}",0.6238340962685532,0.7031311059944984,0.6811493594713686,0.6693715205781401,0.03342695573550677,36
0.1913139820098877,0.12825384557665856,0.03096183141072591,0.011086524165638172,rbf,0.0003,"{0: 1.0, 1: 1.0, 2: 1.35}",1.0,StandardScaler(),"{'svc__kernel': 'rbf', 'svc__gamma': 0.0003, 'svc__class_weight': {0: 1.0, 1: 1.0, 2: 1.35}, 'svc__C': 1.0, 'scaler': StandardScaler()}",0.43684824863229904,0.46494381294731046,0.47571350052092304,0.4591685207001775,0.016383781645200095,78
0.14401928583780924,0.09348945635247007,0.02421458562215169,0.009128597997512884,rbf,0.0003,,10.0,StandardScaler(),"{'svc__kernel': 'rbf', 'svc__gamma': 0.0003, 'svc__class_weight': None, 'svc__C': 10.0, 'scaler': StandardScaler()}",0.6286094864910567,0.6812169312169312,0.6534280001974818,0.6544181393018232,0.021488308320742586,56
0.1394366423288981,0.08694864392145801,0.022967418034871418,0.008202438323879171,rbf,0.003,"{0: 1.0, 1: 1.0, 2: 1.1}",10.0,RobustScaler(),"{'svc__kernel': 'rbf', 'svc__gamma': 0.003, 'svc__class_weight': {0: 1.0, 1: 1.0, 2: 1.1}, 'svc__C': 10.0, 'scaler': RobustScaler()}",0.6275226859849042,0.6932416886013774,0.6830960285455988,0.6679534677106268,0.028887363877730592,37
0.16025829315185547,0.09957341329920459,0.0273287296295166,0.009011090805114664,rbf,0.003,balanced,1.0,StandardScaler(),"{'svc__kernel': 'rbf', 'svc__gamma': 0.003, 'svc__class_weight': 'balanced', 'svc__C': 1.0, 'scaler': StandardScaler()}",0.6585163432073545,0.6481932793421116,0.6531471939540419,0.6532856055011693,0.00421550947563517,58
0.24721328417460123,0.1723465892546471,0.02038256327311198,0.006770138386703461,rbf,0.03,"{0: 1.0, 1: 1.0, 2: 1.2}",100.0,RobustScaler(),"{'svc__kernel': 'rbf', 'svc__gamma': 0.03, 'svc__class_weight': {0: 1.0, 1: 1.0, 2: 1.2}, 'svc__C': 100.0, 'scaler': RobustScaler()}",0.619588194166766,0.6889169965757492,0.7039764574775402,0.6708272160733518,0.036749375188528284,32
0.22972210248311362,0.16247497226337548,0.024837334950764973,0.013297041402984445,rbf,0.01,,100.0,StandardScaler(),"{'svc__kernel': 'rbf', 'svc__gamma': 0.01, 'svc__class_weight': None, 'svc__C': 100.0, 'scaler': StandardScaler()}",0.6668203292424062,0.7043526492025424,0.7090838328014323,0.693418937082127,0.018906973648542873,4
0.2232379913330078,0.11631014339859365,0.02639118830362956,0.0013826894462590405,rbf,0.03,,30.0,StandardScaler(),"{'svc__kernel': 'rbf', 'svc__gamma': 0.03, 'svc__class_weight': None, 'svc__C': 30.0, 'scaler': StandardScaler()}",0.6453623874450644,0.6683505218598924,0.7040180686050328,0.6725769926366633,0.024131853423848215,24
0.15072170893351236,0.10497081074085947,0.02271588643391927,0.008868459717299224,rbf,0.003,,3.0,StandardScaler(),"{'svc__kernel': 'rbf', 'svc__gamma': 0.003, 'svc__class_weight': None, 'svc__C': 3.0, 'scaler': StandardScaler()}",0.6220543569333892,0.6973361996039426,0.693545470027023,0.6709786755214515,0.034629314360918796,31
0.15905515352884927,0.09756291708524109,0.029329856236775715,0.006162479326519977,rbf,0.01,"{0: 1.0, 1: 1.0, 2: 1.2}",1.0,StandardScaler(),"{'svc__kernel': 'rbf', 'svc__gamma': 0.01, 'svc__class_weight': {0: 1.0, 1: 1.0, 2: 1.2}, 'svc__C': 1.0, 'scaler': StandardScaler()}",0.6377622377622377,0.672074636035032,0.6693517398392808,0.6597295378788502,0.015572951908853593,46
0.24513753255208334,0.17453148329660625,0.041837453842163086,0.02106257622906047,rbf,0.003,"{0: 1.0, 1: 1.0, 2: 1.35}",100.0,RobustScaler(),"{'svc__kernel': 'rbf', 'svc__gamma': 0.003, 'svc__class_weight': {0: 1.0, 1: 1.0, 2: 1.35}, 'svc__C': 100.0, 'scaler': RobustScaler()}",0.6517230867098572,0.7111493466047497,0.7037777102717867,0.6888833811954646,0.026448073278900777,6
0.22935128211975098,0.14847913127568277,0.03632974624633789,0.01068439197336232,rbf,0.01,"{0: 1.0, 1: 1.0, 2: 1.2}",10.0,StandardScaler(),"{'svc__kernel': 'rbf', 'svc__gamma': 0.01, 'svc__class_weight': {0: 1.0, 1: 1.0, 2: 1.2}, 'svc__C': 10.0, 'scaler': StandardScaler()}",0.6504039688074031,0.7025095371169323,0.7138468016755614,0.6889201025332988,0.027625505241972825,5
0.235276460647583,0.14342654648699316,0.023520867029825848,0.008140457585250806,rbf,scale,"{0: 1.0, 1: 1.0, 2: 1.2}",10.0,StandardScaler(),"{'svc__kernel': 'rbf', 'svc__gamma': 'scale', 'svc__class_weight': {0: 1.0, 1: 1.0, 2: 1.2}, 'svc__C': 10.0, 'scaler': StandardScaler()}",0.6442947168917318,0.7004234848191656,0.6949109053451811,0.6798763690186927,0.025260477815186606,16
0.18198482195536295,0.1056172125300963,0.024504820505777996,0.006097656862664715,rbf,scale,,1.0,RobustScaler(),"{'svc__kernel': 'rbf', 'svc__gamma': 'scale', 'svc__class_weight': None, 'svc__C': 1.0, 'scaler': RobustScaler()}",0.6324436516217338,0.6927016811046155,0.6902251851446249,0.671790172623658,0.02784055548148079,27
0.15232555071512857,0.1020776362285679,0.022621870040893555,0.0075342542603003635,rbf,scale,"{0: 1.0, 1: 1.0, 2: 1.5}",1.0,StandardScaler(),"{'svc__kernel': 'rbf', 'svc__gamma': 'scale', 'svc__class_weight': {0: 1.0, 1: 1.0, 2: 1.5}, 'svc__C': 1.0, 'scaler': StandardScaler()}",0.6472576659082022,0.6812624628158609,0.6659733331385426,0.6648311539542019,0.013905873654673988,42
0.19307756423950195,0.09269255466489758,0.024492661158243816,0.004306875035781196,rbf,0.03,"{0: 1.0, 1: 1.0, 2: 1.1}",30.0,RobustScaler(),"{'svc__kernel': 'rbf', 'svc__gamma': 0.03, 'svc__class_weight': {0: 1.0, 1: 1.0, 2: 1.1}, 'svc__C': 30.0, 'scaler': RobustScaler()}",0.6542337609790693,0.71384311079904,0.695945413520228,0.688007428432779,0.024974351535476426,7
0.19563937187194824,0.12610022812026328,0.02008676528930664,0.006053779484533496,rbf,scale,,30.0,StandardScaler(),"{'svc__kernel': 'rbf', 'svc__gamma': 'scale', 'svc__class_weight': None, 'svc__C': 30.0, 'scaler': StandardScaler()}",0.6305738867306169,0.6569578051745094,0.6783239550753314,0.6552852156601525,0.019529728168339994,55
0.17631888389587402,0.13361150440274863,0.02176062266031901,0.006698851658965606,rbf,0.0003,"{0: 1.0, 1: 1.0, 2: 1.1}",100.0,StandardScaler(),"{'svc__kernel': 'rbf', 'svc__gamma': 0.0003, 'svc__class_weight': {0: 1.0, 1: 1.0, 2: 1.1}, 'svc__C': 100.0, 'scaler': StandardScaler()}",0.6468269781637693,0.702020202020202,0.7000289969684986,0.68295872571749,0.02556193276930667,13
0.13930884997049967,0.09019310520516774,0.022977828979492188,0.008644591101206642,rbf,0.01,"{0: 1.0, 1: 1.0, 2: 1.1}",3.0,RobustScaler(),"{'svc__kernel': 'rbf', 'svc__gamma': 0.01, 'svc__class_weight': {0: 1.0, 1: 1.0, 2: 1.1}, 'svc__C': 3.0, 'scaler': RobustScaler()}",0.6283469144760098,0.6903074982812433,0.6815912827801466,0.6667485651791333,0.027386227508353116,38
0.17775646845499674,0.12025887259417943,0.02846082051595052,0.010891430356582759,rbf,0.0003,"{0: 1.0, 1: 1.0, 2: 1.2}",3.0,StandardScaler(),"{'svc__kernel': 'rbf', 'svc__gamma': 0.0003, 'svc__class_weight': {0: 1.0, 1: 1.0, 2: 1.2}, 'svc__C': 3.0, 'scaler': StandardScaler()}",0.4987016603557957,0.6575223000235213,0.6327998576294475,0.5963412726695881,0.06977545035838341,72
0.16309690475463867,0.12575402892059834,0.02988290786743164,0.01784405134662569,rbf,0.03,,1.0,StandardScaler(),"{'svc__kernel': 'rbf', 'svc__gamma': 0.03, 'svc__class_weight': None, 'svc__C': 1.0, 'scaler': StandardScaler()}",0.6554267597662943,0.6994115788329962,0.6830715187601587,0.679303285786483,0.018153342426681807,17
0.1724554697672526,0.08762847372411359,0.02736814816792806,0.004014012390681139,rbf,0.003,balanced,3.0,StandardScaler(),"{'svc__kernel': 'rbf', 'svc__gamma': 0.003, 'svc__class_weight': 'balanced', 'svc__C': 3.0, 'scaler': StandardScaler()}",0.6557645419714385,0.6580569485601399,0.6611275165602065,0.6583163356972617,0.002197094350139292,47
0.38021206855773926,0.2779058785201125,0.023587147394816082,0.00844687605781076,rbf,scale,"{0: 1.0, 1: 1.0, 2: 1.2}",100.0,RobustScaler(),"{'svc__kernel': 'rbf', 'svc__gamma': 'scale', 'svc__class_weight': {0: 1.0, 1: 1.0, 2: 1.2}, 'svc__C': 100.0, 'scaler': RobustScaler()}",0.5102732443656163,0.574157335223246,0.5552639203397455,0.546564833309536,0.026796142166934427,76
0.16689109802246094,0.121429401902289,0.022589842478434246,0.008665067302369036,rbf,0.01,"{0: 1.0, 1: 1.0, 2: 1.5}",10.0,RobustScaler(),"{'svc__kernel': 'rbf', 'svc__gamma': 0.01, 'svc__class_weight': {0: 1.0, 1: 1.0, 2: 1.5}, 'svc__C': 10.0, 'scaler': RobustScaler()}",0.6485651660060788,0.6778716207175238,0.662600578718168,0.6630124551472569,0.011967854265576694,44
0.15444509188334146,0.0945097043875664,0.024792194366455078,0.007949189186292163,rbf,0.003,"{0: 1.0, 1: 1.0, 2: 1.2}",3.0,RobustScaler(),"{'svc__kernel': 'rbf', 'svc__gamma': 0.003, 'svc__class_weight': {0: 1.0, 1: 1.0, 2: 1.2}, 'svc__C': 3.0, 'scaler': RobustScaler()}",0.6049342230116977,0.6726640961830866,0.6447237418403117,0.640774020345032,0.027791295458240304,66
0.20484526952107748,0.13815774436552644,0.030943632125854492,0.009173300637426324,rbf,0.03,"{0: 1.0, 1: 1.0, 2: 1.35}",1.0,RobustScaler(),"{'svc__kernel': 'rbf', 'svc__gamma': 0.03, 'svc__class_weight': {0: 1.0, 1: 1.0, 2: 1.35}, 'svc__C': 1.0, 'scaler': RobustScaler()}",0.6351766025363704,0.6793245202622823,0.6567671393579532,0.6570894207188687,0.018024752588966207,51
0.17932788530985513,0.10837421359108204,0.021177291870117188,0.006349858824849011,rbf,scale,balanced,10.0,StandardScaler(),"{'svc__kernel': 'rbf', 'svc__gamma': 'scale', 'svc__class_weight': 'balanced', 'svc__C': 10.0, 'scaler': StandardScaler()}",0.648457499645239,0.6808704414615042,0.6853578796297598,0.6715619402455011,0.01643970107020918,29
0.16699647903442383,0.1068469240451017,0.028236865997314453,0.011386897407820852,rbf,0.003,balanced,100.0,RobustScaler(),"{'svc__kernel': 'rbf', 'svc__gamma': 0.003, 'svc__class_weight': 'balanced', 'svc__C': 100.0, 'scaler': RobustScaler()}",0.6615200770999584,0.6837736190664296,0.6887102942380587,0.6780013301348156,0.011826987969239016,19
0.16095972061157227,0.1048651236740237,0.0266873836517334,0.008149584748123611,rbf,0.0003,"{0: 1.0, 1: 1.0, 2: 1.5}",10.0,RobustScaler(),"{'svc__kernel': 'rbf', 'svc__gamma': 0.0003, 'svc__class_weight': {0: 1.0, 1: 1.0, 2: 1.5}, 'svc__C': 10.0, 'scaler': RobustScaler()}",0.5926890321089168,0.656030794714031,0.6308980831700098,0.6265393033309858,0.026042195807886786,68
0.13525970776875815,0.08768063302271317,0.023492733637491863,0.009863039193628836,rbf,0.003,,1.0,StandardScaler(),"{'svc__kernel': 'rbf', 'svc__gamma': 0.003, 'svc__class_weight': None, 'svc__C': 1.0, 'scaler': StandardScaler()}",0.6446565977323494,0.6812169312169312,0.6431683448916187,0.6563472912802997,0.017595983766431005,52
0.13631788889567056,0.08674818717421233,0.022438923517862957,0.008172448802198253,rbf,0.001,balanced,30.0,StandardScaler(),"{'svc__kernel': 'rbf', 'svc__gamma': 0.001, 'svc__class_weight': 'balanced', 'svc__C': 30.0, 'scaler': StandardScaler()}",0.6627092846270929,0.6702314727205424,0.6808448052033,0.671261854183645,0.007439558280441903,30
0.14432772000630698,0.0963768761937688,0.021275043487548828,0.008140961964152387,rbf,0.01,,10.0,StandardScaler(),"{'svc__kernel': 'rbf', 'svc__gamma': 0.01, 'svc__class_weight': None, 'svc__C': 10.0, 'scaler': StandardScaler()}",0.6580168239315421,0.7051078710778848,0.6907836708114887,0.6846361219403052,0.019710165704993583,11
0.15275160471598306,0.0938143691038376,0.027711868286132812,0.008944742700839814,rbf,0.001,"{0: 1.0, 1: 1.0, 2: 1.5}",10.0,RobustScaler(),"{'svc__kernel': 'rbf', 'svc__gamma': 0.001, 'svc__class_weight': {0: 1.0, 1: 1.0, 2: 1.5}, 'svc__C': 10.0, 'scaler': RobustScaler()}",0.6187169203432991,0.6574077945608808,0.6665769755219296,0.6475672301420365,0.020740841376158607,60
0.14092008272806802,0.09113674824203832,0.02321783701578776,0.005118013879384021,rbf,0.003,"{0: 1.0, 1: 1.0, 2: 1.35}",3.0,StandardScaler(),"{'svc__kernel': 'rbf', 'svc__gamma': 0.003, 'svc__class_weight': {0: 1.0, 1: 1.0, 2: 1.35}, 'svc__C': 3.0, 'scaler': StandardScaler()}",0.6291046292402415,0.6836810091121922,0.6616685418763941,0.6581513934096093,0.022419085024221703,48
0.14303024609883627,0.08875412103204093,0.021602551142374676,0.007592283354088289,rbf,0.01,balanced,3.0,StandardScaler(),"{'svc__kernel': 'rbf', 'svc__gamma': 0.01, 'svc__class_weight': 'balanced', 'svc__C': 3.0, 'scaler': StandardScaler()}",0.6554174225659407,0.6733660805827174,0.686527061359612,0.6717701881694232,0.012750491779124462,28
0.18312478065490723,0.12109175275115848,0.02919658025105794,0.011422742069212696,rbf,0.0003,"{0: 1.0, 1: 1.0, 2: 1.5}",1.0,RobustScaler(),"{'svc__kernel': 'rbf', 'svc__gamma': 0.0003, 'svc__class_weight': {0: 1.0, 1: 1.0, 2: 1.5}, 'svc__C': 1.0, 'scaler': RobustScaler()}",0.1728395061728395,0.46138779004844316,0.46905224817266755,0.36775984813131674,0.13786500827860992,79
0.14512364069620767,0.09149956509334216,0.019789616266886394,0.005445414382182813,rbf,0.03,,10.0,StandardScaler(),"{'svc__kernel': 'rbf', 'svc__gamma': 0.03, 'svc__class_weight': None, 'svc__C': 10.0, 'scaler': StandardScaler()}",0.6585423348770272,0.7015644959934967,0.7031748453258752,0.687760558732133,0.02067086129762343,8
0.16197705268859863,0.10863691006009708,0.021558523178100586,0.009991167430218814,rbf,scale,,10.0,StandardScaler(),"{'svc__kernel': 'rbf', 'svc__gamma': 'scale', 'svc__class_weight': None, 'svc__C': 10.0, 'scaler': StandardScaler()}",0.660682077343947,0.6905713419125612,0.6959966386613057,0.6824166859726045,0.015527467498676293,14
0.16851210594177246,0.11301735245625862,0.02159722646077474,0.007557771068217182,rbf,scale,"{0: 1.0, 1: 1.0, 2: 1.1}",10.0,StandardScaler(),"{'svc__kernel': 'rbf', 'svc__gamma': 'scale', 'svc__class_weight': {0: 1.0, 1: 1.0, 2: 1.1}, 'svc__C': 10.0, 'scaler': StandardScaler()}",0.6590313816498377,0.6983166080179544,0.7020641947102035,0.6864707281259985,0.019462774772765264,10
0.23134406407674155,0.163173695740021,0.02164761225382487,0.007116246408230576,rbf,0.01,"{0: 1.0, 1: 1.0, 2: 1.5}",100.0,RobustScaler(),"{'svc__kernel': 'rbf', 'svc__gamma': 0.01, 'svc__class_weight': {0: 1.0, 1: 1.0, 2: 1.5}, 'svc__C': 100.0, 'scaler': RobustScaler()}",0.643566536432714,0.6990371850968145,0.6948116256496376,0.679138449059722,0.025212226717977213,18
0.18393659591674805,0.11793194773548664,0.026945829391479492,0.007945450488960257,rbf,0.0003,"{0: 1.0, 1: 1.0, 2: 1.2}",1.0,RobustScaler(),"{'svc__kernel': 'rbf', 'svc__gamma': 0.0003, 'svc__class_weight': {0: 1.0, 1: 1.0, 2: 1.2}, 'svc__C': 1.0, 'scaler': RobustScaler()}",0.2222222222222222,0.2985961455575396,0.43760422309318203,0.31947419695764795,0.08916004840545161,80
0.17787798245747885,0.1056847655085711,0.02193029721577962,0.007892968706949135,rbf,0.01,balanced,100.0,RobustScaler(),"{'svc__kernel': 'rbf', 'svc__gamma': 0.01, 'svc__class_weight': 'balanced', 'svc__C': 100.0, 'scaler': RobustScaler()}",0.6526396875048208,0.672005920107186,0.6923070169997206,0.6723175415372425,0.01619561850729985,25
0.1373143196105957,0.08546593200501534,0.02268075942993164,0.010068020768423993,rbf,0.003,"{0: 1.0, 1: 1.0, 2: 1.2}",10.0,StandardScaler(),"{'svc__kernel': 'rbf', 'svc__gamma': 0.003, 'svc__class_weight': {0: 1.0, 1: 1.0, 2: 1.2}, 'svc__C': 10.0, 'scaler': StandardScaler()}",0.652634637198071,0.6962154972037986,0.7031423400786707,0.6839974914935135,0.022356457086952983,12
0.14821942647298178,0.0977616926849644,0.021501859029134113,0.006877051016848034,rbf,scale,"{0: 1.0, 1: 1.0, 2: 1.2}",1.0,RobustScaler(),"{'svc__kernel': 'rbf', 'svc__gamma': 'scale', 'svc__class_weight': {0: 1.0, 1: 1.0, 2: 1.2}, 'svc__C': 1.0, 'scaler': RobustScaler()}",0.6326166650082518,0.6824308856000352,0.6797166287187245,0.6649213931090038,0.022869752816796766,40
0.14494744936625162,0.09856037338081249,0.020690441131591797,0.007146241040260629,rbf,0.03,"{0: 1.0, 1: 1.0, 2: 1.1}",1.0,RobustScaler(),"{'svc__kernel': 'rbf', 'svc__gamma': 0.03, 'svc__class_weight': {0: 1.0, 1: 1.0, 2: 1.1}, 'svc__C': 1.0, 'scaler': RobustScaler()}",0.6304330903929758,0.682781701278811,0.6590440993795931,0.6574196303504599,0.021402078405910418,50
0.13742661476135254,0.08406771106606731,0.021882375081380207,0.006780322811755952,rbf,0.0003,,30.0,RobustScaler(),"{'svc__kernel': 'rbf', 'svc__gamma': 0.0003, 'svc__class_weight': None, 'svc__C': 30.0, 'scaler': RobustScaler()}",0.604795526534657,0.6822365948572163,0.6468094096130222,0.6446138436682985,0.031653279430922054,64
0.3235298792521159,0.23154091583881745,0.019654194513956707,0.007879874966711447,rbf,scale,"{0: 1.0, 1: 1.0, 2: 1.1}",100.0,RobustScaler(),"{'svc__kernel': 'rbf', 'svc__gamma': 'scale', 'svc__class_weight': {0: 1.0, 1: 1.0, 2: 1.1}, 'svc__C': 100.0, 'scaler': RobustScaler()}",0.5080803452094551,0.578179705776145,0.55772911778082,0.5479963895888066,0.029433819397754083,75
0.14663036664326987,0.09180340359510855,0.022550185521443684,0.007366052274308477,rbf,0.003,"{0: 1.0, 1: 1.0, 2: 1.1}",3.0,RobustScaler(),"{'svc__kernel': 'rbf', 'svc__gamma': 0.003, 'svc__class_weight': {0: 1.0, 1: 1.0, 2: 1.1}, 'svc__C': 3.0, 'scaler': RobustScaler()}",0.6081917551307523,0.6698448610213316,0.6482857278196201,0.642107447990568,0.02554609849824821,65
0.17124104499816895,0.130640614676944,0.021823962529500324,0.008261180954565739,rbf,0.003,,10.0,StandardScaler(),"{'svc__kernel': 'rbf', 'svc__gamma': 0.003, 'svc__class_weight': None, 'svc__C': 10.0, 'scaler': StandardScaler()}",0.6441193317115239,0.7160244923856606,0.7025704846141311,0.6875714362371053,0.0312123546271411,9
0.19342986742655435,0.12070620108675603,0.029139200846354168,0.006850484053236037,rbf,0.001,"{0: 1.0, 1: 1.0, 2: 1.1}",1.0,RobustScaler(),"{'svc__kernel': 'rbf', 'svc__gamma': 0.001, 'svc__class_weight': {0: 1.0, 1: 1.0, 2: 1.1}, 'svc__C': 1.0, 'scaler': RobustScaler()}",0.4175451449135659,0.6256353331889394,0.6016734483881386,0.548284642163548,0.0929629140632086,74
0.26230692863464355,0.17270401705322658,0.02528492609659831,0.00853320179603084,rbf,scale,"{0: 1.0, 1: 1.0, 2: 1.5}",30.0,RobustScaler(),"{'svc__kernel': 'rbf', 'svc__gamma': 'scale', 'svc__class_weight': {0: 1.0, 1: 1.0, 2: 1.5}, 'svc__C': 30.0, 'scaler': RobustScaler()}",0.5679261974873985,0.5921382326429036,0.6403864688814931,0.6001502996705984,0.03011940289546112,70
0.1492734750111898,0.09073002894012455,0.02355082829793294,0.007077856629235943,rbf,0.01,"{0: 1.0, 1: 1.0, 2: 1.1}",1.0,StandardScaler(),"{'svc__kernel': 'rbf', 'svc__gamma': 0.01, 'svc__class_weight': {0: 1.0, 1: 1.0, 2: 1.1}, 'svc__C': 1.0, 'scaler': StandardScaler()}",0.6338601718073948,0.6719148460282768,0.6889564882978297,0.6649105020445005,0.0230318134860724,41
0.15500418345133463,0.10446332565161547,0.021069765090942383,0.007087291672972093,rbf,scale,"{0: 1.0, 1: 1.0, 2: 1.5}",3.0,StandardScaler(),"{'svc__kernel': 'rbf', 'svc__gamma': 'scale', 'svc__class_weight': {0: 1.0, 1: 1.0, 2: 1.5}, 'svc__C': 3.0, 'scaler': StandardScaler()}",0.6560333176174761,0.6791445028138456,0.6909812051668157,0.6753863418660458,0.014512788413958633,22
